pos_x,pos_y,pos_z,vel_x,vel_y,vel_z,mass
0.,0.,0.,0.,0.,0.,1.3271240018E20
1.495978707E11,0.,0.,0.,2.978E4,0.,3.986004418E14
